Method,Name,# requests,# failures,Median response time,Average response time,Min response time,Max response time,Average Content Size,Requests/s
PUT,/students/update/99999781,1,0,15,15,15,15,77,0.00
PUT,/students/update/99999782,1,0,8,8,8,8,74,0.00
PUT,/students/update/99999783,1,0,13,13,13,13,82,0.00
PUT,/students/update/99999784,1,0,12,12,12,12,80,0.00
PUT,/students/update/99999785,1,1,1000,1002,1002,1002,0,0.00
PUT,/students/update/99999786,1,1,19,19,19,19,0,0.00
PUT,/students/update/99999787,1,0,19,19,19,19,78,0.00
PUT,/students/update/99999788,1,1,11,11,11,11,0,0.00
PUT,/students/update/99999789,1,0,26,26,26,26,79,0.00
PUT,/students/update/99999790,1,1,19,19,19,19,0,0.00
PUT,/students/update/99999791,1,1,13,13,13,13,0,0.00
PUT,/students/update/99999792,1,1,27,27,27,27,0,0.00
PUT,/students/update/99999793,1,0,19,19,19,19,77,0.00
PUT,/students/update/99999794,1,1,1000,1012,1012,1012,0,0.00
PUT,/students/update/99999795,1,1,10,10,10,10,0,0.00
PUT,/students/update/99999796,1,0,19,19,19,19,76,0.00
PUT,/students/update/99999797,1,1,11,11,11,11,0,0.00
PUT,/students/update/99999798,1,0,10,10,10,10,74,0.00
PUT,/students/update/99999799,1,0,18,18,18,18,74,0.00
PUT,/students/update/99999800,1,1,1000,1005,1005,1005,0,0.00
PUT,/students/update/99999801,1,0,19,19,19,19,78,0.00
PUT,/students/update/99999802,1,1,9,9,9,9,0,0.00
PUT,/students/update/99999803,1,1,11,11,11,11,0,0.00
PUT,/students/update/99999804,1,1,1000,1010,1010,1010,0,0.00
PUT,/students/update/99999805,1,0,19,19,19,19,79,0.00
PUT,/students/update/99999806,1,0,11,11,11,11,75,0.00
PUT,/students/update/99999807,1,0,11,11,11,11,78,0.00
PUT,/students/update/99999808,1,1,12,12,12,12,0,0.00
PUT,/students/update/99999809,1,0,12,12,12,12,77,0.00
PUT,/students/update/99999810,1,1,12,12,12,12,0,0.00
PUT,/students/update/99999811,1,0,30,30,30,30,72,0.00
PUT,/students/update/99999812,1,1,12,12,12,12,0,0.00
PUT,/students/update/99999813,1,1,12,12,12,12,0,0.00
PUT,/students/update/99999814,1,1,10,10,10,10,0,0.00
PUT,/students/update/99999815,1,1,11,11,11,11,0,0.00
PUT,/students/update/99999816,1,1,12,12,12,12,0,0.00
PUT,/students/update/99999817,1,1,12,12,12,12,0,0.00
PUT,/students/update/99999819,1,1,12,12,12,12,0,0.00
PUT,/students/update/99999820,1,1,12,12,12,12,0,0.00
PUT,/students/update/99999821,1,1,11,11,11,11,0,0.00
PUT,/students/update/99999822,1,1,8,8,8,8,0,0.00
PUT,/students/update/99999823,1,1,11,11,11,11,0,0.00
PUT,/students/update/99999824,1,1,10,10,10,10,0,0.00
PUT,/students/update/99999825,1,1,12,12,12,12,0,0.00
PUT,/students/update/99999826,1,0,13,13,13,13,77,0.00
PUT,/students/update/99999827,1,1,10,10,10,10,0,0.00
PUT,/students/update/99999828,2,1,20,510,20,1000,37,0.01
PUT,/students/update/99999829,1,1,34,34,34,34,0,0.00
PUT,/students/update/99999831,1,1,16,16,16,16,0,0.00
PUT,/students/update/99999832,2,0,23,23,23,23,77,0.01
PUT,/students/update/99999834,2,2,10,17,10,23,0,0.01
PUT,/students/update/99999835,1,1,10,10,10,10,0,0.00
PUT,/students/update/99999838,1,1,15,15,15,15,0,0.00
PUT,/students/update/99999839,1,0,29,29,29,29,77,0.00
PUT,/students/update/99999840,1,1,30,30,30,30,0,0.00
PUT,/students/update/99999844,2,2,19,22,19,24,0,0.01
PUT,/students/update/99999845,1,1,12,12,12,12,0,0.00
PUT,/students/update/99999847,1,1,11,11,11,11,0,0.00
PUT,/students/update/99999848,1,1,1000,1008,1008,1008,0,0.00
PUT,/students/update/99999852,1,1,14,14,14,14,0,0.00
PUT,/students/update/99999854,1,1,13,13,13,13,0,0.00
PUT,/students/update/99999855,9,9,1000,1005,999,1013,0,0.04
PUT,/students/update/99999856,2,2,7,506,7,1005,0,0.01
PUT,/students/update/99999857,1,1,9,9,9,9,0,0.00
PUT,/students/update/99999858,1,1,10,10,10,10,0,0.00
PUT,/students/update/99999859,1,1,10,10,10,10,0,0.00
PUT,/students/update/99999860,1,1,9,9,9,9,0,0.00
PUT,/students/update/99999861,1,1,9,9,9,9,0,0.00
PUT,/students/update/99999862,1,1,9,9,9,9,0,0.00
PUT,/students/update/99999863,1,1,11,11,11,11,0,0.00
PUT,/students/update/99999864,1,0,11,11,11,11,76,0.00
PUT,/students/update/99999865,1,0,28,28,28,28,74,0.00
PUT,/students/update/99999866,1,0,13,13,13,13,77,0.00
PUT,/students/update/99999867,1,0,11,11,11,11,76,0.00
PUT,/students/update/99999868,1,0,10,10,10,10,79,0.00
PUT,/students/update/99999869,1,0,24,24,24,24,77,0.00
PUT,/students/update/99999870,1,1,23,23,23,23,0,0.00
PUT,/students/update/99999914,1,0,320,316,316,316,78,0.00
PUT,/students/update/99999916,1,0,10,10,10,10,78,0.00
PUT,/students/update/99999918,2,0,12,14,12,15,77,0.01
PUT,/students/update/99999919,1,0,9,9,9,9,78,0.00
PUT,/students/update/99999920,1,0,11,11,11,11,74,0.00
PUT,/students/update/99999921,1,0,22,22,22,22,77,0.00
PUT,/students/update/99999923,1,0,19,19,19,19,81,0.00
PUT,/students/update/99999924,1,1,12,12,12,12,0,0.00
PUT,/students/update/99999926,1,0,16,16,16,16,80,0.00
PUT,/students/update/99999927,1,0,10,10,10,10,79,0.00
PUT,/students/update/99999928,2,1,10,512,10,1014,36,0.01
PUT,/students/update/99999929,1,0,18,18,18,18,80,0.00
PUT,/students/update/99999932,3,0,17,16,13,18,75,0.01
PUT,/students/update/99999933,2,1,11,508,11,1006,37,0.01
PUT,/students/update/99999935,2,0,11,12,11,12,74,0.01
PUT,/students/update/99999936,1,0,12,12,12,12,71,0.00
PUT,/students/update/99999937,1,0,19,19,19,19,76,0.00
PUT,/students/update/99999938,1,0,20,20,20,20,74,0.00
PUT,/students/update/99999939,1,0,11,11,11,11,76,0.00
PUT,/students/update/99999940,1,0,18,18,18,18,74,0.00
PUT,/students/update/99999941,1,0,16,16,16,16,72,0.00
PUT,/students/update/99999942,1,0,8,8,8,8,76,0.00
PUT,/students/update/99999943,1,1,10,10,10,10,0,0.00
PUT,/students/update/99999945,1,0,9,9,9,9,78,0.00
PUT,/students/update/99999946,1,0,9,9,9,9,81,0.00
PUT,/students/update/99999947,1,0,12,12,12,12,79,0.00
PUT,/students/update/99999948,1,1,9,9,9,9,0,0.00
PUT,/students/update/99999949,1,0,9,9,9,9,76,0.00
PUT,/students/update/99999950,1,0,18,18,18,18,79,0.00
PUT,/students/update/99999951,1,0,10,10,10,10,75,0.00
PUT,/students/update/99999952,1,0,13,13,13,13,74,0.00
PUT,/students/update/99999953,2,1,13,507,13,1002,37,0.01
PUT,/students/update/99999954,1,0,10,10,10,10,73,0.00
PUT,/students/update/99999955,1,1,11,11,11,11,0,0.00
PUT,/students/update/99999956,1,0,11,11,11,11,79,0.00
PUT,/students/update/99999957,1,0,13,13,13,13,78,0.00
PUT,/students/update/99999958,1,0,12,12,12,12,83,0.00
PUT,/students/update/99999959,1,0,18,18,18,18,77,0.00
PUT,/students/update/99999960,1,0,11,11,11,11,74,0.00
PUT,/students/update/99999961,1,0,10,10,10,10,75,0.00
PUT,/students/update/99999962,1,0,17,17,17,17,75,0.00
PUT,/students/update/99999963,1,0,20,20,20,20,76,0.00
PUT,/students/update/99999964,1,0,10,10,10,10,75,0.00
PUT,/students/update/99999965,1,0,10,10,10,10,82,0.00
PUT,/students/update/99999966,1,0,12,12,12,12,78,0.00
PUT,/students/update/99999967,1,0,11,11,11,11,82,0.00
PUT,/students/update/99999968,1,0,19,19,19,19,81,0.00
PUT,/students/update/99999969,1,0,11,11,11,11,78,0.00
PUT,/students/update/99999970,1,0,9,9,9,9,75,0.00
PUT,/students/update/99999971,1,0,13,13,13,13,78,0.00
PUT,/students/update/99999972,1,0,14,14,14,14,75,0.00
PUT,/students/update/99999974,2,0,18,18,18,19,75,0.01
PUT,/students/update/99999976,2,0,13,16,13,18,75,0.01
PUT,/students/update/99999977,1,0,10,10,10,10,79,0.00
PUT,/students/update/99999978,1,0,10,10,10,10,80,0.00
PUT,/students/update/99999980,2,0,12,16,12,20,71,0.01
PUT,/students/update/99999981,1,0,16,16,16,16,76,0.00
PUT,/students/update/99999982,1,0,12,12,12,12,74,0.00
PUT,/students/update/99999983,1,0,15,15,15,15,80,0.00
PUT,/students/update/99999984,1,0,32,32,32,32,82,0.00
PUT,/students/update/99999985,1,0,11,11,11,11,74,0.00
PUT,/students/update/99999986,1,0,29,29,29,29,76,0.00
PUT,/students/update/99999987,1,0,19,19,19,19,73,0.00
PUT,/students/update/99999988,1,0,12,12,12,12,78,0.00
PUT,/students/update/99999989,1,0,13,13,13,13,73,0.00
PUT,/students/update/99999990,1,0,54,54,54,54,72,0.00
PUT,/students/update/99999991,1,0,11,11,11,11,77,0.00
PUT,/students/update/99999992,1,0,12,12,12,12,80,0.00
PUT,/students/update/99999993,1,0,14,14,14,14,80,0.00
PUT,/students/update/99999994,1,0,12,12,12,12,80,0.00
PUT,/students/update/99999995,1,0,47,47,47,47,69,0.00
PUT,/students/update/99999996,1,0,11,11,11,11,73,0.00
PUT,/students/update/99999997,1,0,14,14,14,14,78,0.00
PUT,/students/update/99999999,2,0,29,48,29,67,76,0.01
None,Total,219,73,12,73,7,1014,50,0.85